{"global_step": 71680, "_timestamp": 1700707932.4202428, "rollout/ep_len_mean": 1986.5833740234375, "rollout/ep_rew_mean": 113252.1953125, "time/fps": 20.0, "_runtime": 3413.149305820465, "_step": 34, "train/clip_range": 0.20000000298023224, "train/explained_variance": -1.1920928955078125e-07, "train/entropy_loss": -2.077033042907715, "train/policy_gradient_loss": -0.00015874099335633218, "train/loss": 478626.5625, "train/learning_rate": 0.0003000000142492354, "train/approx_kl": 8.799339411780238e-06, "train/clip_fraction": 0.0, "train/value_loss": 901134.0}