{"time/fps": 21.0, "train/learning_rate": 0.0003000000142492354, "train/policy_gradient_loss": -6.923030741745606e-05, "_timestamp": 1700702591.4635177, "global_step": 106496, "train/clip_range": 0.20000000298023224, "train/entropy_loss": -2.074983596801758, "_step": 51, "_runtime": 8189.488693714142, "train/loss": 352233.28125, "train/value_loss": 709489.9375, "train/explained_variance": 0.0, "train/clip_fraction": 0.0, "train/approx_kl": 4.201021511107683e-06, "rollout/ep_len_mean": 1990.0577392578125, "rollout/ep_rew_mean": 113067.25}