{"global_step": 4096, "_timestamp": 1700703274.1905863, "rollout/ep_len_mean": 2039.5, "rollout/ep_rew_mean": 115167.5, "time/fps": 18.0, "_runtime": 232.72727036476135, "_step": 1, "train/entropy_loss": -2.0794339179992676, "train/clip_range": 0.20000000298023224, "train/policy_gradient_loss": -0.00029881001682952046, "train/loss": 489907.6875, "train/learning_rate": 0.0003000000142492354, "train/explained_variance": 5.5909156799316406e-05, "train/approx_kl": 1.70574348885566e-05, "train/clip_fraction": 0.0, "train/value_loss": 933448.125}