{"global_step": 303104, "_timestamp": 1700740957.7861779, "rollout/ep_len_mean": 1990.1600341796875, "rollout/ep_rew_mean": 116293.296875, "time/fps": 19.0, "_runtime": 16019.239799976349, "_step": 147, "train/entropy_loss": -1.9114065170288086, "train/clip_range": 0.20000000298023224, "train/policy_gradient_loss": -0.0008017636719159782, "train/loss": 376402.4375, "train/learning_rate": 0.0003000000142492354, "train/explained_variance": -1.1920928955078125e-07, "train/approx_kl": 9.892697562463582e-05, "train/clip_fraction": 0.0, "train/value_loss": 735672.8125}