{"global_step": 32768, "_timestamp": 1700711110.279904, "rollout/ep_len_mean": 1988.25, "rollout/ep_rew_mean": 113940.6875, "time/fps": 18.0, "_runtime": 1813.900780916214, "_step": 15, "train/entropy_loss": -2.0785694122314453, "train/clip_range": 0.20000000298023224, "train/loss": 464429.0625, "train/learning_rate": 0.0003000000142492354, "train/explained_variance": 1.1920928955078125e-07, "train/clip_fraction": 0.0, "train/approx_kl": 1.7558486433699727e-05, "train/value_loss": 873786.6875, "train/policy_gradient_loss": -0.0002918434329330921}