{"global_step": 102400, "_timestamp": 1700699649.024699, "time/fps": 17.0, "_runtime": 6024.083509922028, "_step": 49, "rollout/ep_len_mean": 1988.9019775390625, "train/clip_range": 0.20000000298023224, "rollout/ep_rew_mean": 113091.1171875, "train/clip_fraction": 0.0, "train/approx_kl": 4.354165866971016e-06, "train/entropy_loss": -2.0750865936279297, "train/loss": 371352.625, "train/value_loss": 761334.6875, "train/learning_rate": 0.0003000000142492354, "train/policy_gradient_loss": -9.515639976598322e-05, "train/explained_variance": -2.384185791015625e-07}