{"global_step": 57344, "_timestamp": 1700714981.6756585, "rollout/ep_len_mean": 1986.1785888671875, "rollout/ep_rew_mean": 113060.9609375, "time/fps": 16.0, "_runtime": 2813.029348373413, "_step": 27, "train/approx_kl": 1.2057367712259293e-05, "train/entropy_loss": -2.077916145324707, "train/clip_range": 0.20000000298023224, "train/clip_fraction": 0.0, "train/value_loss": 783963.5625, "train/policy_gradient_loss": -0.0001953865576069802, "train/explained_variance": 2.384185791015625e-07, "train/loss": 381009.8125, "train/learning_rate": 0.0003000000142492354}